{
  "project_info": {
    "project_number": "311724629828",
    "project_id": "evidencia-2-1",
    "storage_bucket": "evidencia-2-1.appspot.com"
  },
  "client": [
    {
      "client_info": {
        "mobilesdk_app_id": "1:311724629828:android:ae36608c6992f0b896c111",
        "android_client_info": {
          "package_name": "com.example.evidencia21"
        }
      },
      "oauth_client": [
        {
          "client_id": "311724629828-outg6sn2fopbqj6baol71l9e55ct2sas.apps.googleusercontent.com",
          "client_type": 3
        }
      ],
      "api_key": [
        {
          "current_key": "AIzaSyBCJRcgS9ViMB3Hki_oMWwVLULqOwD5Z0k"
        }
      ],
      "services": {
        "appinvite_service": {
          "other_platform_oauth_client": [
            {
              "client_id": "311724629828-outg6sn2fopbqj6baol71l9e55ct2sas.apps.googleusercontent.com",
              "client_type": 3
            }
          ]
        }
      }
    }
  ],
  "configuration_version": "1"
}